{
    "best_run": "xgb_set1",
    "metrics": {
        "MAE": 62291.1640625,
        "RMSE": 113964.55308559762,
        "R2": 0.9078341126441956
    }
}